大分類,分類,代碼,中文名稱,支付點數(115.09.01),常用別名/縮寫,常見申報提醒(非官方),支付規範摘要
處置,泌尿處置,50001C,尿道徑測量,,尿道口徑 calibration,,
處置,泌尿處置,50002C,尿道口切開術,,meatotomy 尿道口切開,,
處置,泌尿處置,50003C,包莖側面或背面切開,,dorsal slit 包皮背切 包莖切開,,
處置,泌尿處置,50004C,生殖器異物摘除術,,,,良性腫瘤切除(benigntumorexcision)比照申報。
處置,泌尿處置,50005C,濕疣電燒灼入,,尖頭濕疣 菜花 condyloma 電燒,,
處置,泌尿處置,50006C,膀胱造口引流換洗,,cystostomy care 膀胱造口 換洗,,
處置,泌尿處置,50007C,腎造口引流管換洗,,PCN care nephrostomy 腎造廔 換洗,,
處置,泌尿處置,50008C,人工膀胱之擴張,,,,
處置,泌尿處置,50009C,前列腺按摩,,prostate massage EPS 攝護腺按摩,,
處置,泌尿處置,50010C,經膀胱鏡逆行尿管導管,,retrograde ureteral catheterization RP 逆行性導管,,移除雙J輸尿管導管(removedoubleJureteralcath)比照申報
處置,泌尿處置,50011C,膀胱灌注,,BCG 化療灌注 intravesical instillation mitomycin epirubicin 膀胱灌藥,,
處置,泌尿處置,50012C,膀胱沖洗,,bladder irrigation 沖膀胱,,
處置,泌尿處置,50013C,尿道擴張,,urethral dilatation 尿道擴張 sounding,,
處置,泌尿處置,50014C,膀胱24小時連續沖洗,,CBI continuous bladder irrigation 連續沖洗,,沖洗藥水按使用量申報。
處置,泌尿處置,50015C,濕疣外科化學療法,,condyloma podophyllin 菜花 藥物,,
處置,泌尿處置,50016C,外尿道邊膿瘍切開術,,,,
處置,泌尿處置,50017C,陰囊膿瘍切開,,scrotal abscess I&D,,
處置,泌尿處置,50018C,巴氏囊腫引流術，單側,,,,
處置,泌尿處置,50019C,雙J輸尿管導管置入術,,DJ D-J double J stent 雙J 輸尿管支架 導管置放,,
處置,泌尿處置,50020C,包莖環切術,,circumcision 割包皮 包皮環切 包皮切除,,註:兒童加成項目。
處置,泌尿處置,50021C,徒手睪丸扭轉整復,,testicular torsion manual detorsion 睪丸扭轉,,
處置,泌尿處置,50022C,更換腎臟引流或膀胱引流管,,換管 PCN換管 cystostomy change 更換引流管 換膀胱造口管,,
處置,泌尿處置,50023B,尿路結石體外震波碎石術第一次,,ESWL SWL 震波碎石 體外碎石,ESWL「第一次」；30 日內對同一側再次執行才能改用 50024B「第二次」，同日雙側施行時另一側才以第二次計，詳見上方支付規範。,1.包括下列項目includingfollowingitems(1)治療費treatmentfee(2)一般材料費及特材費(不得再申報電擊棒之特材費用)generalmaterialfee&specialmaterialfee(3)機器維護費machinemaintenancefee(4)手術費operationfee2.第二次係指三十日內實施之第二次。3.本項以「側」為給付單位，同側不同病灶之部位同日施行治療，以治療乙次計。4.同日施行兩側治療，另一側以第二次計。5.三十日內同側第三次以上治療，應檢具X光片專案申請，經保險人同意後施行，費用比照第二次申報。6.申報費用應檢附當次暨前次實施體外電震波腎臟碎石術(ESWL)紀錄影本憑核。7.麻醉費得另外申報。8.完全鹿角結石之第一次治療，須事前專案申請並詳細說明其必要性。9.醫療機構條件：(1)應為醫院。(2)應有專任之泌尿科專科醫師二名以上；離島地區醫療機構應有一名專任之泌尿科專科醫師，另一名泌尿科專科醫師得以兼任方式為之；非離島地區醫療機構，若一名泌尿科醫師係以「醫學中心支援離島及醫療資源不足地區醫院緊急醫療照護服務獎勵計畫」全年全時段支援該院，得比照上述離島地區規定。(3)應有下列經皮腎結石取石術及輸尿管鏡碎石手術設備：A.X光透視機B.腎臟鏡C.輸尿管鏡D.至少ㄧ種經內視鏡碎石機(如氣動式撞擊碎石機超音波碎石機、雷射碎石機、電擊碎石(electrohydrauliclithotriptor))。10.操作醫師資格：應具泌尿科專科醫師資格，並符合下列條件：(1)實際操作體外震波碎石機五十例以上之經驗，經服務醫院審查通過，發給證明文件。(2)依操作機型，應有下列相關訓練：A.操作ｘ光線定位機型，應有輻射安全證書或輻射防護訓練證明。B.操作超音波定位機型，應有泌尿系統超音波訓練證明。11.適應症符合下列任一條件：(1)輸尿管結石零點五公分以上。(2)輸尿管結石未滿零點五公分且併有明顯阻塞性腎水腫、重複感染或重複腎絞痛者。(3)腎臟結石或腎盞結石零點五公分以上至二公分以下。
處置,泌尿處置,50024B,尿路結石體外震波碎石術第二次,,ESWL SWL 震波碎石 第二次,ESWL「第二次」限 30 日內對同一側再次施行；同日雙側施行時，先做的一側以第一次(50023B)、後做的一側以第二次(本碼)計，詳見上方支付規範。,1.包括下列項目includingfollowingitems(1)治療費treatmentfee(2)一般材料費及特材費(不得再申報電擊棒之特材費用)generalmaterialfee&specialmaterialfee(3)機器維護費machinemaintenancefee(4)手術費operationfee2.第二次係指三十日內實施之第二次。3.本項以「側」為給付單位，同側不同病灶之部位同日施行治療，以治療乙次計。4.同日施行兩側治療，另一側以第二次計。5.三十日內同側第三次以上治療，應檢具X光片專案申請，經保險人同意後施行，費用比照第二次申報。6.申報費用應檢附當次暨前次實施體外電震波腎臟碎石術(ESWL)紀錄影本憑核。7.麻醉費得另外申報。8.完全鹿角結石之第一次治療，須事前專案申請並詳細說明其必要性。9.醫療機構條件：(1)應為醫院。(2)應有專任之泌尿科專科醫師二名以上；離島地區醫療機構應有一名專任之泌尿科專科醫師，另一名泌尿科專科醫師得以兼任方式為之；非離島地區醫療機構，若一名泌尿科醫師係以「醫學中心支援離島及醫療資源不足地區醫院緊急醫療照護服務獎勵計畫」全年全時段支援該院，得比照上述離島地區規定。(3)應有下列經皮腎結石取石術及輸尿管鏡碎石手術設備：A.X光透視機B.腎臟鏡C.輸尿管鏡D.至少ㄧ種經內視鏡碎石機(如氣動式撞擊碎石機超音波碎石機、雷射碎石機、電擊碎石(electrohydrauliclithotriptor))。10.操作醫師資格：應具泌尿科專科醫師資格，並符合下列條件：(1)實際操作體外震波碎石機五十例以上之經驗，經服務醫院審查通過，發給證明文件。(2)依操作機型，應有下列相關訓練：A.操作ｘ光線定位機型，應有輻射安全證書或輻射防護訓練證明。B.操作超音波定位機型，應有泌尿系統超音波訓練證明。11.適應症符合下列任一條件：(1)輸尿管結石零點五公分以上。(2)輸尿管結石未滿零點五公分且併有明顯阻塞性腎水腫、重複感染或重複腎絞痛者。(3)腎臟結石或腎盞結石零點五公分以上至二公分以下。
處置,泌尿處置,50027B,治療尿路迴流之膀胱三角下層注射術,,VUR Deflux STING 膀胱輸尿管逆流 注射,,1.含鏡檢費用。2.提升兒童加成項目。3.本項102年支付標準調整按衛生福利部1031260015號函公告。
處置,泌尿處置,50029C,膀胱鏡檢及硝酸銀腎臟灌洗術,,silver nitrate 乳糜尿 chyluria,,1.為保障保險對象權益，施行前須先評估其適當性及危險性。2.提升兒童加成項目。3.本項102年支付標準調整按衛生福利部1031260015號函公告。
處置,泌尿處置,50030C,膀胱內血塊清除術,,clot evacuation 血塊 血尿 清血塊,,
處置,泌尿處置,50032C,嵌頓性包皮徒手整復術,,paraphimosis 包皮嵌頓 復位,,
處置,泌尿處置,50033C,疝氣徒手復位術,,hernia reduction 疝氣推回,,
處置,泌尿處置,50034C,副睪丸取精術,,PESA 副睪取精 取精,,註:僅限局部病灶治療，施行人工協助生殖技術者不得申報。
處置,泌尿處置,50035B,腎臟腫瘤冷凍治療,,cryoablation 冷凍治療 腎腫瘤,,1.限高危險病患不適接受傳統手術及麻醉者施行2.個案需事前專案向保險人申請3.含括手術技術費、定位技術費、一般材料費及特殊材料費等。
處置,泌尿處置,50036B,膀胱內注射術,,Botox 肉毒 botulinum 膀胱注射 intravesical injection,,註：1.適應症：膀胱神經肌肉功能障礙(ICD-10-CM：N31)、尿失禁(ICD-10-CM：N39.3-N39.498、R32、R39.81、F98.0)、膀胱過動症(ICD-10-CM：N32.81)。2.禁忌症：嚴重尿路感染。3.限泌尿科、婦產科專科醫師執行。4.內含膀胱鏡及膀胱鏡注射針等費用。
處置,泌尿處置,47013C,一般導尿,,單導 導尿 in-and-out 單次導尿 straight cath,,註:1.含一般導尿管、尿袋等材料費。2.提升兒童加成項目。
處置,泌尿處置,47014C,留置導尿,,Foley 放尿管 留置尿管 導尿管 indwelling catheter,,含一般導尿管、尿袋等材料費。
處置,泌尿處置,47087C,尿失禁電刺激治療,,骨盆底電刺激 pelvic floor electrical stimulation 尿失禁復健,,
處置,泌尿處置,49022B,迴腸膀胱永久裝具裝置,,,,
處置,泌尿處置,29019C,膀胱穿刺,,suprapubic aspiration 恥骨上穿刺,,93.6.14健保醫字第0930060063號公告點數修訂。
處置,泌尿處置,29020C,陰囊水腫抽吸,,hydrocele aspiration 陰囊水腫抽吸,,93.6.14健保醫字第0930060063號公告中英文名稱及點數修訂。
處置,泌尿處置,29027C,睪丸穿刺,,,,
處置,泌尿處置,29028C,攝護腺穿刺,,prostate biopsy 攝護腺穿刺,,
檢查,內視鏡檢查,28019C,膀胱鏡檢查,,cysto cystoscopy 膀胱鏡 軟式膀胱鏡,,93.6.14健保醫字第0930060063號公告中英文名稱修正。。
檢查,內視鏡檢查,28020C,診斷性輸尿管鏡檢，包括輸尿管膀胱接合處，擴張術及膀胱鏡術,,URS diagnostic ureteroscopy 輸尿管鏡 診斷性,官方名稱僅為「診斷性輸尿管鏡檢」，未區分硬式／軟式輸尿管鏡，目前沒有獨立的軟式輸尿管鏡(RIRS)診斷代碼；臨床上多半仍以本碼申報，並於病歷/手術記錄註明「軟式輸尿管鏡／RIRS」以利區分技術別，惟不會因此變動點數。治療性軟鏡碎石請改用 77026B–77028B。【通則五】本項也未列單側／雙側，依通則五屬「對稱器官」，除另有規定外，表定點數已包含雙側費用，不得因雙側施行而加倍申報。,93.6.14健保醫字第0930060063號公告中英文名稱及點數修訂。
檢查,內視鏡檢查,28021C,尿道鏡檢查,,urethroscopy 尿道鏡,,93.6.14健保醫字第0930060063號公告點數修訂。
檢查,尿路動力學,21003C,外括約肌肌電圖,,EMG 肌電圖 sphincter,,
檢查,尿路動力學,21004C,尿流速圖,,uroflowmetry UFR uroflow 尿流速 解尿速度,,
檢查,尿路動力學,21005C,尿道壓力測量檢查,,UPP urethral pressure profile,,
檢查,尿路動力學,21006B,錄影尿流動力學檢查,,VUDS video urodynamics 錄影尿動力,,
檢查,尿路動力學,21007C,膀胱壓檢查,,CMG cystometry 膀胱壓,,
檢查,尿路動力學,21008C,膀胱掃描,,bladder scan 膀胱掃描 殘尿,,限尿滯留及排尿困難者申報
檢查,尿路動力學,21009B,膀胱壓力檢查及Urecholine反應測驗,,urecholine test,,
檢查,尿路動力學,21010C,膀胱超音波尿量測量,,PVR post-void residual 殘尿 餘尿 膀胱超音波,,同一病患視病情需要，每星期最多使用此法測量膀胱餘尿兩次。
檢查,尿路動力學,21011C,壓力尿流速圖,,pressure flow study PFS 壓力流速 urodynamic UDS 尿動力學,,
檢查,尿路動力學,21012B,應力尿道壓力測量檢查,,stress UPP 應力性尿失禁,,
檢查,尿路動力學,30510B,APR後膀胱機能測定,,,,
檢查,影像/超音波,19001C,"腹部超音波(包括肝liver,膽囊gallbladder,胰pancreas,脾spleen,下腔靜脈inferiorvenacava,腹主動脈abdominalaorta,腎kidney及其他腹部超音波abdominalothers在內)",,abdominal echo sono 腹部超音波 腎臟超音波 renal echo,,兒童加成項目。
檢查,影像/超音波,19017C,經尿道(直腸)超音波檢查,,TRUS transrectal ultrasound 經直腸超音波 攝護腺超音波,,
檢查,影像/超音波,32006C,腎臟、輸尿管、膀胱檢查,,KUB 腹部X光,,
檢查,影像/超音波,33012B,靜脈注射泌尿系統造影術(點滴注射),,IVP IVU intravenous pyelography 靜脈腎盂攝影,,包括加解後造影術及快速系列includingpost-voidingandrapidsequenceI.V.P.
檢查,影像/超音波,33013B,逆行性腎盂造影術－單側,,RP retrograde pyelography 逆行性腎盂攝影,,包括鏡檢費在內
檢查,影像/超音波,33014B,逆行性腎盂造影術－雙側,,RP retrograde pyelography 逆行性腎盂攝影 雙側,,包括鏡檢費在內
檢查,影像/超音波,33015B,膀胱造影術,,cystography 膀胱攝影,,人工膀胱造影術比照申報
檢查,影像/超音波,33016B,尿道排泄造影術,,VCUG voiding cystourethrography 排尿膀胱尿道攝影,,
檢查,影像/超音波,33017B,膀胱放置鏈條造影術,,chain cystography,,
檢查,影像/超音波,33018B,腹膜後充氣造影術,,,,
檢查,影像/超音波,33019B,順行性腎盂造影術,,antegrade pyelography 順行性,,
檢查,影像/超音波,33031B,尿道造影術,,RUG retrograde urethrography 尿道攝影,,
檢查,影像/超音波,33052B,輸精管造影,,vasography 輸精管攝影,,
檢查,影像/超音波,26019B,陰囊攝影,,scrotal scan,,
檢查,影像/超音波,26020B,腎臟掃描,,renal scan DMSA 腎掃描,,
檢查,影像/超音波,26050B,動態腎/泌尿功能測定,,renogram DTPA MAG3 腎功能掃描 利尿腎圖,,93.6.14健保醫字第0930060063號公告修訂中英文名稱及點數，開放表別。
檢查,影像/超音波,26071B,介入性動態腎/泌尿功能測定,,diuretic renogram lasix renogram,,93.6.14健保醫字第0930060063號公告增列本項。
檢查,影像/超音波,26021B,腎上腺掃描,,,,
檢查,放射介入,33032B,皮下穿刺腎造廔術,,PCN percutaneous nephrostomy 經皮腎造廔,,單側
檢查,放射介入,33095B,經皮腎造廔引流管重置術(重置經皮腎造廔引流管),,PCN change 換PCN 腎造廔管更換,,PCN特材請依實際使用核實申報。
檢查,放射介入,33099B,經皮輸尿管內管置放術,,antegrade DJ 經皮DJ 順行性支架,,
檢查,放射介入,33110B,放射線下經皮穿刺輸尿管成形術,,,,
檢查,放射介入,33111B,放射線下經皮穿刺取出斷裂輸尿管內管,,,,
檢查,放射介入,33047B,腎動靜脈造影,,,,包括單雙側
檢查,放射介入,33093B,雙側腎靜脈血液抽取術,,,,
檢驗,檢驗,06012C,尿一般檢查(包括蛋白、糖、尿膽元、膽紅素、尿沈渣、比重、顏色、混濁度、白血球酯脢、潛血、酸鹼度及酮體),,UA U/A urinalysis 尿液常規 尿檢,,
檢驗,檢驗,06013C,尿生化檢查(包括蛋白、糖、尿膽元、膽紅素、比重、顏色、混濁度、酸鹼度、白血球酯脢及酮體),,urine dipstick 尿生化,,
檢驗,檢驗,06009C,尿沉渣,,urine sediment 尿沉渣,,包括紅血球、白血球、圓柱體、上皮細胞、粘液、淋巴球、寄生虫等無染色標本檢查
檢驗,檢驗,06003C,尿蛋白,,,,
檢驗,檢驗,06503B,尿滲透壓檢驗,,,,
檢驗,檢驗,09078B,結石分析,,stone analysis 結石成分,,註：1.限泌尿道結石申報。2.同一患者，間隔時間應為兩年(含)以上。
檢驗,檢驗,12081C,攝護腺特異抗原(EIA/LIA法),,PSA 攝護腺特異抗原,,
檢驗,檢驗,12198C,游離攝護腺特異抗原,,free PSA fPSA 游離PSA,,
檢驗,檢驗,27052C,攝護腺特異抗原,,PSA RIA,,
檢驗,檢驗,27083B,游離攝護腺特異抗原,,free PSA RIA,,
檢驗,檢驗,27084C,二胺基酸攝護腺特異抗原前驅物(p2PSA),,p2PSA PHI,,1.適應症須符合下列各項條件：(1)PSA介於4.0ng/ml至10.0ng/ml間者。(2)尿液分析及臨床症狀已排除攝護腺感染或發炎。(3)肛門指診無異常。(4)五十歲以上，或未滿五十歲但有攝護腺癌家族史。2.每十二個月限執行一次。3.限由泌尿科專科醫師開立處方始可申報。4.須檢附八週內PSA報告及本次PHI指數於病歷紀錄備查。5.若PHI指數顯示為攝護腺癌低風險(PHI<30)，再檢測PSA至少間隔二十四週。
檢驗,檢驗,09042C,攝護腺酸性磷酸酶,,,,93.6.14健保醫字第0930060063號公告開放表別。
檢驗,檢驗,09121C,睪丸酯醇免疫分析,,testosterone 睪固酮 男性荷爾蒙,,
檢驗,檢驗,27081B,雄睪酮,,testosterone 睪固酮,,
檢驗,檢驗,16001C,精液分析,,semen analysis 精液檢查 精蟲,,"包括motility,count,morphology,amount,appearance,PH測定"
檢驗,檢驗,09002C,血中尿素氮,,BUN,,
檢驗,檢驗,09016C,肌酐、尿,,urine creatinine,,93.6.14健保醫字第0930060063號公告開放表別。
檢驗,檢驗,09003C,尿素氮、尿,,,,93.6.14健保醫字第0930060063號公告開放表別。
檢驗,檢驗,09013C,尿酸,,uric acid 尿酸,,
檢驗,檢驗,09015C,肌酸酐、血,,creatinine Cr 肌酸酐,,
檢驗,檢驗,09124B,血漿腎素活性免疫分析,,,,
手術,腎臟手術,76001B,腎周圍或腎臟腫瘤之引流術,5946,,,
手術,腎臟手術,76002B,腎盂切開探查引流或切除,16584,pyelotomy,,
手術,腎臟手術,76003B,腎臟切片手術,7572,renal biopsy open,,
手術,腎臟手術,76004B,腎切除術,10198,simple nephrectomy 腎切除,,受腎者腎切除術比照申報。
手術,腎臟手術,76005B,腎部份切除術,14240,PN partial nephrectomy 部分腎切除,,腎半切除術heminephrectomy比照申報
手術,腎臟手術,76006B,腎囊切除術，單側,5880,renal cyst excision 腎囊腫,,
手術,腎臟手術,76007B,根治性腎切除術併行淋巴清掃術或合併局部淋巴切除術,25780,radical nephrectomy LND 淋巴,,
手術,腎臟手術,76008B,腎袋狀成形術,7080,,,
手術,腎臟手術,76009C,腎臟固定術：固定式懸掛,6828,,,
手術,腎臟手術,76010C,腎臟造廔術(手術),6340,open nephrostomy,,
手術,腎臟手術,76011B,腎內取石及腎盂取石術,10757,nephrolithotomy pyelolithotomy 腎結石 開刀取石,,
手術,腎臟手術,76012B,腎鹿角石取石術,15060,staghorn 鹿角結石 anatrophic,,
手術,腎臟手術,76013B,腎縫合術,14580,,,
手術,腎臟手術,76014B,腎盂成形術,14407,pyeloplasty UPJO 腎盂輸尿管交界狹窄,,
手術,腎臟手術,76015B,腎盂造廔術,6440,,,
手術,腎臟手術,76016B,經皮腎結石取石術,13550,PCNL PNL percutaneous nephrolithotomy 經皮腎取石 腎結石,限「泌尿科專科醫師」施行（見上方支付規範），且超音波桿、取石網等費用已包含於一般材料費，不得另外加計。,1.超音波桿、取石網等費用包含於一般材料費內2.限泌尿科專科醫師施行。
手術,腎臟手術,76017B,經PCN腎臟鏡術,7332,nephroscopy PCN nephroscope,,1.第二次PCNSL比照申報2.限泌尿科專科醫師施行。
手術,腎臟手術,76018B,屍體捐腎切除術,39985,,,
手術,腎臟手術,76019B,活體捐腎切除術,43138,living donor nephrectomy 活體捐腎,,
手術,腎臟手術,76020B,腎臟移植,212256,kidney transplant renal transplantation KT 換腎,,一般材料費及器官保存液費用，得另加計百分之八十一。
手術,腎臟手術,76021B,腹腔鏡腎切除術,11530,LN laparoscopic nephrectomy 腹腔鏡腎切除,,
手術,腎臟手術,76022B,腎血管肌脂肪瘤摘除術,17088,AML angiomyolipoma,,
手術,腎臟手術,76023B,萎縮性腎結石截除術,16980,,,
手術,腎臟手術,76024B,內視鏡腎盂切開術,6440,endopyelotomy,,
手術,腎臟手術,76025B,腎輸尿管切除術，不包括輸尿管膀胱袖口切除術,15179,NU nephroureterectomy 腎輸尿管切除,,
手術,腎臟手術,76026B,腎輸尿管切除術，包括輸尿管膀胱袖口切除術,18826,NU nephroureterectomy bladder cuff UTUC 上泌尿道上皮癌,,
手術,腎臟手術,76027B,根治性腎切除術,25486,RN radical nephrectomy 根除性腎切除 RCC 腎細胞癌,,
手術,腎臟手術,76028B,根治性腎切除術合併下腔靜脈瘤栓切除術,34078,IVC thrombectomy tumor thrombus,,有(無)併局部淋巴切除術之手術費用一致。
手術,腎臟手術,76029B,(後)腹腔鏡腎臟囊腫除頂術,7056,renal cyst unroofing decortication 腎囊腫 腹腔鏡,,
手術,腎臟手術,76030B,(後)腹腔鏡腎臟輸尿管切除術,35790,LNU laparoscopic nephroureterectomy 腹腔鏡腎輸尿管切除 機械手臂 達文西 robotic,機械手臂輔助手術的醫師資格規定已於 115.09.01 生效版更新：不再是「訓練達二十小時」即可自行認定，而是須取得「機械手臂輔助手術系統」相關專科學會核發的認證醫師資格，且核發單位要檢附認證計畫書送保險人審核通過，執行醫師名單也須報請保險人核定。請確認貴院執行醫師是否已符合新規定，詳見上方支付規範。 ,執行「機械手臂輔助腎臟輸尿管切除術」，須符合下列規範：1.醫師資格：(1)具機械手臂輔助手術系統「泌尿科」認證學會認證醫師資格。(2)前述核發認證單位應檢附認證計畫書(須檢附訓練課程、認證方式及認證培訓機構證明)予保險人審核通過。2.執行手術之醫師名單應報經保險人核定。3.其手術費按保險人規範之未列項申報方式辦理，比照本項申報，並於申報費用後二個月內應上傳手術相關資訊，未上傳者本項不予支付；惟因特殊情形未在規定期限內完成上傳，可檢具理由後補登錄。
手術,腎臟手術,76031B,(後)腹腔鏡部分腎臟切除術,34176,LPN laparoscopic partial nephrectomy 腹腔鏡部分腎切除,含機械手臂輔助部分腎切除；比照本項申報者須於申報後二個月內上傳手術相關資訊，逾期未上傳將不予支付，詳細條件見上方支付規範。,1.腎半切除術heminephrectomy比照申報。2.執行「機械手臂輔助部分腎切除」，須符合下列規範：(1)醫師資格：A.具機械手臂輔助手術系統「泌尿科」認證學會認證醫師資格。B.前述核發認證單位應檢附認證計畫書(須檢附訓練課程、認證方式及認證培訓機構證明)予保險人審核通過。(2)執行手術之醫師名單應報經保險人核定。(3)適應症：A.術前影像報告為非囊狀腫瘤或囊狀惡性腫瘤。B.除上述外，術前影像報告懷疑良性腎臟腫瘤，符合下列任一條件且須事前審查：(a)符合影像學上腫瘤大於四公分或有出血疑慮。(b)單一腎臟或腎功能不全，需接受部分腎切除者。(4)其手術費按保險人規範之未列項申報方式辦理，比照本項申報，並應於申報費用後二個月內上傳手術相關資訊，未上傳者本項不予支付；惟因特殊情形未在規定期限內完成上傳，可檢具理由後補登錄。
手術,腎臟手術,76032B,(後)腹腔鏡腎盂取石術,10757,laparoscopic pyelolithotomy,,
手術,腎臟手術,76033B,(後)腹腔鏡腎盂成形術,17885,laparoscopic pyeloplasty UPJO,,
手術,腎臟手術,76034C,(後)腹腔鏡腎臟固定術,8194,,,
手術,腎臟手術,76035B,腹腔鏡腎盂成形術,19375,laparoscopic pyeloplasty UPJO,,
手術,腎臟手術,76036B,腹腔鏡活體捐腎切除術,69021,laparoscopic donor nephrectomy,,
手術,腎臟手術,76037B,腹腔鏡根治性腎切除術,46385,LRN laparoscopic radical nephrectomy 腹腔鏡根除性腎切除 機械手臂 達文西 robotic,機械手臂輔助手術的醫師資格規定已於 115.09.01 生效版更新：不再是「訓練達二十小時」即可自行認定，而是須取得「機械手臂輔助手術系統」相關專科學會核發的認證醫師資格，且核發單位要檢附認證計畫書送保險人審核通過，執行醫師名單也須報請保險人核定。請確認貴院執行醫師是否已符合新規定，詳見上方支付規範。 ,執行「機械手臂輔助根治性腎切除術」，須符合下列規範：1.醫師資格：(1)具機械手臂輔助手術系統「泌尿科」認證學會認證醫師資格。(2)前述核發認證單位應檢附認證計畫書(須檢附訓練課程、認證方式及認證培訓機構證明)予保險人審核通過。2.執行手術之醫師名單應報經保險人核定。3.其手術費按保險人規範之未列項申報方式辦理，比照本項申報，並於申報費用後二個月內應上傳手術相關資訊，未上傳者本項不予支付；惟因特殊情形未在規定期限內完成上傳，可檢具理由後補登錄。
手術,腎臟手術,N26028,達文西腎臟移植,,robotic kidney transplant 機械手臂,此為 HTA 評估項目（技術評估／專案性質），非常態健保給付代碼，實際給付條件、可否申報與比照方式，請務必洽醫院個案管理或健保署最新公告確認，勿逕行比照一般代碼申報。,HTA評估項目
手術,腎臟手術,N26030,達文西部分腎切除,,RAPN robotic partial nephrectomy 機械手臂 達文西,此為 HTA 評估項目（技術評估／專案性質），非常態健保給付代碼，實際給付條件、可否申報與比照方式，請務必洽醫院個案管理或健保署最新公告確認，勿逕行比照一般代碼申報。,費用年月109年12月起，符合支付規範適應症者，手術費按本署規範之未列項申報方式申報(比照支付標準76031B)
手術,腎臟手術,N26031,達文西其他腎臟手術,,robotic nephrectomy 機械手臂 達文西,此為 HTA 評估項目（技術評估／專案性質），非常態健保給付代碼，實際給付條件、可否申報與比照方式，請務必洽醫院個案管理或健保署最新公告確認，勿逕行比照一般代碼申報。,HTA評估項目
手術,腎臟手術,N20009,腎動脈神經阻斷術,,renal denervation RDN 高血壓,此為 HTA 評估項目（技術評估／專案性質），非常態健保給付代碼，實際給付條件、可否申報與比照方式，請務必洽醫院個案管理或健保署最新公告確認，勿逕行比照一般代碼申報。,HTA評估項目
手術,腎上腺手術,82009B,腎上腺切除術，單側,10430,adrenalectomy,,
手術,腎上腺手術,82010B,腎上腺切除術合併後腹腔腫瘤切除－單側,13609,,,腎上腺腫瘤切除術(resectionofadrenaltumor)比照申報。
手術,腎上腺手術,82011B,腎上腺切除術合併後腹腔腫瘤切除－雙側,14400,,,腎上腺腫瘤切除術(resectionofadrenaltumor)比照申報。
手術,腎上腺手術,82014B,腹腔鏡腎上腺切除,19623,LA laparoscopic adrenalectomy 腹腔鏡腎上腺,,
手術,輸尿管手術,77001B,輸尿管除(取)石術－上或下三分之一輸尿管,7944,ureterolithotomy 輸尿管取石 開刀,【通則五】官方名稱為「上或下三分之一輸尿管」，未標示單側／雙側；依通則五屬對稱器官，表定點數已包含雙側費用，雙側施行仍申報一次，不得加倍申報。,
手術,輸尿管手術,77002B,輸尿管除(取)石術－中三分之一輸尿管,6736,ureterolithotomy 輸尿管取石 開刀,【通則五】官方名稱為「中三分之一輸尿管」，未標示單側／雙側；依通則五屬對稱器官，表定點數已包含雙側費用，雙側施行仍申報一次，不得加倍申報。,
手術,輸尿管手術,77003B,輸尿管切除術，包括膀胱袖口,10069,distal ureterectomy bladder cuff,,
手術,輸尿管手術,77004B,輸尿管成形術－單側,8586,,,
手術,輸尿管手術,77005B,輸尿管成形術－雙側,10572,,,
手術,輸尿管手術,77006B,輸尿管剝離術－單側,8496,,,
手術,輸尿管手術,77007B,輸尿管剝離術－雙側,10344,,,
手術,輸尿管手術,77008B,輸尿管腎盂造口吻合術或重建術,12020,ureteropyelostomy,,
手術,輸尿管手術,77009B,輸尿管和輸尿管吻合術,12040,ureteroureterostomy UU,,
手術,輸尿管手術,77010B,輸尿管及對側輸尿管吻合術,15720,transureteroureterostomy TUU,,
手術,輸尿管手術,77011B,輸尿管膀胱重建術－單側,14082,ureteral reimplantation UNC ureteroneocystostomy 輸尿管再植,,
手術,輸尿管手術,77012B,輸尿管膀胱重建術－雙側,16310,ureteral reimplantation bilateral 雙側,,
手術,輸尿管手術,77013B,輸尿管小腸吻合術－單側,9600,,,
手術,輸尿管手術,77014B,輸尿管小腸吻合術－雙側,11333,,,
手術,輸尿管手術,77015B,輸尿管乙狀結腸造口吻合術,10800,,,
手術,輸尿管手術,77016B,以腸管取代全部或部分輸尿管，包括腸管吻合術－單側,12960,,,
手術,輸尿管手術,77017B,以腸管取代全部或部分輸尿管，包括腸管吻合術－雙側,17040,,,
手術,輸尿管手術,77018B,輸尿管皮膚吻合術－單側,8231,cutaneous ureterostomy,,
手術,輸尿管手術,77019B,輸尿管皮膚吻合術－雙側,10148,,,
手術,輸尿管手術,77020B,表皮輸尿管廔管閉合術,8496,,,
手術,輸尿管手術,77021B,輸尿管膀胱廔管閉合術,10344,,,
手術,輸尿管手術,77022B,輸尿管迴腸皮膚吻合術,13675,ileal conduit Bricker 迴腸導管,,
手術,輸尿管手術,77023C,輸尿管插管術,2506,ureteral catheterization,,手術中插管不另支付。
手術,輸尿管手術,77024B,輸尿管狹窄內擴張術,2904,ureteral dilatation balloon 氣球擴張 狹窄,,輸尿管鏡另計。
手術,輸尿管手術,77026B,輸尿管鏡取石術及碎石術－單純內視鏡操作方式,5537,URS URSL ureteroscopic lithotripsy 輸尿管鏡碎石 pneumatic 氣動,【通則五】品項名稱未標示單側／雙側，也沒有對應的雙側代碼。依支付標準第七節手術通則五「同一手術野內之對稱器官，除有特殊規定者外，係指二側之手術費用」，本項表定點數已包含雙側，同次雙側施行仍以本碼申報一次，不得加倍申報；通則六的「主刀 100%＋次刀 50%」是用在同次施行『不同種』手術，不適用於單純左右對稱的同一種手術。,含鏡檢費用在內。
手術,輸尿管手術,77027B,輸尿管鏡取石術及碎石術－併用超音波或電擊方式,9259,URS URSL ultrasonic EHL 輸尿管鏡碎石,【通則五】同 77026B：未標示單側／雙側，依通則五屬對稱器官，表定點數已包含雙側費用，雙側施行仍申報一次，不得加倍。,含鏡檢費及超音波費用在內。
手術,輸尿管手術,77028B,輸尿管鏡取石術及碎石術－併用雷射治療方式,7446,URS URSL laser lithotripsy holmium 雷射碎石 RIRS 軟式輸尿管鏡,【通則五】同 77026B：未標示單側／雙側，依通則五屬對稱器官，表定點數已包含雙側費用，雙側施行仍申報一次，不得加倍。另可加計一般材料費及雷射光纖 91%（見上方支付規範）。,1.含鏡檢費用在內。2.77028B含一般材料費及雷射光纖，得另加計百分之九十一。
手術,輸尿管手術,77029B,腹式會陰尿道懸吊術,11680,,,
手術,輸尿管手術,77030B,腹腔鏡輸尿管取石術,7410,LUL laparoscopic ureterolithotomy 腹腔鏡輸尿管取石,,
手術,輸尿管手術,77031B,輸尿管膀胱波氏瓣接合術,12877,,,
手術,輸尿管手術,77032B,輸尿管迴腸經皮分流術(單側),12960,ileal conduit,,
手術,輸尿管手術,77033B,輸尿管迴腸經皮分流術(雙側),17040,ileal conduit bilateral,,
手術,輸尿管手術,77034B,經內視鏡輸尿管切開術,7922,endoureterotomy,,含內視鏡費。
手術,輸尿管手術,77035B,經尿道輸尿管憩室切開術,6440,,,
手術,輸尿管手術,77036B,腹腔鏡高位輸尿管皮膚吻合術(單側),9892,,,
手術,輸尿管手術,77037B,腹腔鏡高位輸尿管皮膚吻合術(雙側),12178,,,
手術,輸尿管手術,77038B,腹腔鏡輸尿管成形術－單側,15627,,,
手術,輸尿管手術,77039B,腹腔鏡輸尿管膀胱重建術－單側,22459,laparoscopic ureteral reimplantation,,
手術,輸尿管手術,77040B,腹腔鏡輸尿管膀胱重建術－雙側,26011,laparoscopic ureteral reimplantation bilateral,,
手術,輸尿管手術,N26032,達文西輸尿管膀胱手術,,robotic ureteral reimplantation 機械手臂,此為 HTA 評估項目（技術評估／專案性質），非常態健保給付代碼，實際給付條件、可否申報與比照方式，請務必洽醫院個案管理或健保署最新公告確認，勿逕行比照一般代碼申報。,HTA評估項目
手術,輸尿管手術,N26033,達文西輸尿管取石術,,robotic ureterolithotomy 機械手臂,此為 HTA 評估項目（技術評估／專案性質），非常態健保給付代碼，實際給付條件、可否申報與比照方式，請務必洽醫院個案管理或健保署最新公告確認，勿逕行比照一般代碼申報。,HTA評估項目
手術,膀胱手術,78001C,膀胱抽吸,500,bladder aspiration suprapubic,,
手術,膀胱手術,78002C,膀胱造口術,4956,cystostomy suprapubic cystostomy 恥骨上膀胱造口,,
手術,膀胱手術,78003C,膀胱造口術,3285,cystostomy suprapubic cystostomy 恥骨上膀胱造口,,
手術,膀胱手術,78004C,膀胱造口閉合,4760,,,
手術,膀胱手術,78005B,膀胱取石術,4523,cystolithotomy 膀胱結石 開刀,,
手術,膀胱手術,78006B,單純膀胱頸切開術,5170,,,
手術,膀胱手術,78007B,膀胱憩室之切除(單個或多發性者),6440,,,
手術,膀胱手術,78008C,膀胱腫瘤之切除－內視鏡下--含膀胱鏡檢,8027,TURBT TUR-BT TURBt 膀胱腫瘤 電切 bladder tumor,一般材料費及單次使用電燒切除環可另加計 71%，詳見上方支付規範。,1.申報費用應檢附膀胱鏡報告。2.一般材料費及單次使用電燒切除環，得另加計百分之七十一。。
手術,膀胱手術,78009B,膀胱腫瘤之切除－手術,6770,open bladder tumor excision,,
手術,膀胱手術,78010C,膀胱部分切除術,9670,partial cystectomy,,
手術,膀胱手術,78011B,膀胱全切除術,13799,radical cystectomy RC,,
手術,膀胱手術,78012B,膀胱全切除術合併原位新膀胱重建術,27464,radical cystectomy neobladder 新膀胱,,
手術,膀胱手術,78013B,膀胱全切除術合併骨盆腔淋巴切除術,21450,radical cystectomy PLND,,
手術,膀胱手術,78014B,膀胱全切除術及骨盆腔淋巴切除術合併原位新膀胱重建術,34992,radical cystectomy PLND neobladder,,
手術,膀胱手術,78015B,膀胱成形術或膀胱尿道成形術,8898,cystoplasty,,
手術,膀胱手術,78016B,膀胱尿道成形術併單側或雙側輸尿管膀胱吻合術,10800,,,
手術,膀胱手術,78017B,膀胱頸尿道前固定術或尿道固定術,5856,,,
手術,膀胱手術,78018B,膀胱縫合術,5470,cystorrhaphy,,
手術,膀胱手術,78019B,膀胱陰道廔管閉合術，由腹部開刀,11461,VVF vesicovaginal fistula,,
手術,膀胱手術,78020B,膀胱子宮廔管閉合術，包含子宮切除術,9408,,,
手術,膀胱手術,78021B,膀胱腸管成形術，包含腸吻合,13895,,,
手術,膀胱手術,78022C,皮膚膀胱造口術,7728,,,
手術,膀胱手術,78023C,膀胱尿道鏡伴有輸尿管切開術,3398,ureteral meatotomy ureterocele,,一般材料費及單次使用電燒切除環，得另加計百分之九十五。
手術,膀胱手術,78024C,膀胱尿道鏡及輸尿管取石,3568,cystoscopic ureteral stone removal,,
手術,膀胱手術,78025B,經尿道膀胱頸切開術,3900,TUIBN BNI bladder neck incision 膀胱頸切開,,
手術,膀胱手術,78026C,碎石取出術、簡單(在膀胱內壓碎並除去),4675,cystolitholapaxy 膀胱碎石 膀胱結石,,結石<一公分。
手術,膀胱手術,78027C,碎石洗出術複雜性或大結石,5437,cystolitholapaxy 膀胱碎石 膀胱結石 大結石,,結石>一公分。
手術,膀胱手術,78028B,腹式尿失禁手術,7427,incontinence surgery SUI 尿失禁,,本項102年支付標準調整按衛生福利部1031260015號函公告。
手術,膀胱手術,78029B,陰道式尿失禁手術(含Kellyplication),9116,Kelly plication SUI 尿失禁,,本項102年支付標準調整按衛生福利部1031260015號函公告。
手術,膀胱手術,78030B,Burch尿失禁手術,18806,Burch colposuspension SUI 尿失禁,,本項102年支付標準調整按衛生福利部1031260015號函公告。
手術,膀胱手術,78031C,間質性膀胱炎膀胱尿道鏡擴張術,2705,hydrodistension IC BPS 間質性膀胱炎 水擴張,,
手術,膀胱手術,78032C,膀胱憩室電燒,7760,,,
手術,膀胱手術,78033C,部份膀胱及膀胱憩室切除術,5800,,,
手術,膀胱手術,78034B,膀胱破裂修補術,9912,bladder rupture repair 膀胱破裂,,
手術,膀胱手術,78035B,小腸膀胱增大術,13763,augmentation cystoplasty enterocystoplasty 膀胱擴大,,
手術,膀胱手術,78036B,膀胱懸吊術,13206,bladder suspension sling SUI 尿失禁,,本項102年支付標準調整按衛生福利部1031260015號函公告。
手術,膀胱手術,78037B,KELLY手術,9289,Kelly SUI 尿失禁,,"1.已申報80007B(前側陰道縫合術)者,不得再申報此項。2.本項102年支付標準調整按衛生福利部1031260015號函公告。"
手術,膀胱手術,78038B,尿道人工擴約肌植入術,12352,AUS artificial urinary sphincter 人工括約肌,,
手術,膀胱手術,78039B,膀胱攝護腺根除術,18456,radical cystoprostatectomy RCP,,
手術,膀胱手術,78040B,膀胱全切除術合併尿道全切除術,18479,,,有(無)併攝護腺根除術之手術費用一致。
手術,膀胱手術,78041B,膀胱攝護腺根除術合併原位新膀胱重建術,28778,RCP neobladder,,
手術,膀胱手術,78042B,膀胱全切除術及尿道全切除術合併禁尿膀胱重建術,32647,,,有(無)併攝護腺根除術之手術費用一致。
手術,膀胱手術,78043B,膀胱攝護腺根除術合併骨盆腔淋巴切除術,19419,RCP PLND,,
手術,膀胱手術,78044B,膀胱全切除術及尿道全切除術合併骨盆腔淋巴切除術,27805,,,有(無)併攝護腺根除術之手術費用一致。
手術,膀胱手術,78045B,膀胱攝護腺根除術及骨盆腔淋巴切除術合併原位新膀胱重建術,35531,RCP PLND neobladder,,
手術,膀胱手術,78046B,膀胱全切除術及骨盆腔淋巴切除術及尿道全切除術合併禁尿膀胱重建術,60063,,,有(無)併攝護腺根除術之手術費用一致。
手術,膀胱手術,78047B,(後)腹腔鏡膀胱頸懸吊術,17198,laparoscopic bladder neck suspension,,本項102年支付標準調整按衛生福利部1031260015號函公告。
手術,膀胱手術,78048B,(後)腹腔鏡膀胱憩室切除術(單個或多發性者),9274,,,
手術,膀胱手術,78049C,膀胱腫瘤之切除－內視鏡下--含膀胱鏡檢及輸尿管鏡檢查,8886,TURBT URS 膀胱腫瘤 電切 輸尿管鏡,,1.申報費用應檢附膀胱鏡及輸尿管鏡檢查報告。2.一般材料費及單次使用電燒切除環，得另加計百分之六十九。
手術,膀胱手術,78050B,腹腔鏡膀胱全切除術合併骨盆腔淋巴切除術合併正位新膀胱重建,65785,LRC laparoscopic radical cystectomy neobladder 機械手臂 達文西 robotic,機械手臂輔助手術的醫師資格規定已於 115.09.01 生效版更新：不再是「訓練達二十小時」即可自行認定，而是須取得「機械手臂輔助手術系統」相關專科學會核發的認證醫師資格，且核發單位要檢附認證計畫書送保險人審核通過，執行醫師名單也須報請保險人核定。請確認貴院執行醫師是否已符合新規定，詳見上方支付規範。 ,執行「機械手臂輔助膀胱全切除術合併骨盆腔淋巴切除術合併正位新膀胱重建」，須符合下列規範：1.醫師資格：(1)具機械手臂輔助手術系統「泌尿科」認證學會認證醫師資格。(2)前述核發認證單位應檢附認證計畫書(須檢附訓練課程、認證方式及認證培訓機構證明)予保險人審核通過。2.執行手術之醫師名單應報經保險人核定。3.其手術費按保險人規範之未列項申報方式辦理，比照本項申報，並於申報費用後二個月內應上傳手術相關資訊，未上傳者本項不予支付；惟因特殊情形未在規定期限內完成上傳，可檢具理由後補登錄。
手術,膀胱手術,78051B,腹腔鏡膀胱全切除術及骨盆腔淋巴切除術合併雙側輸尿管迴腸經皮分流術,65785,LRC laparoscopic radical cystectomy ileal conduit 機械手臂 達文西 robotic,機械手臂輔助手術的醫師資格規定已於 115.09.01 生效版更新：不再是「訓練達二十小時」即可自行認定，而是須取得「機械手臂輔助手術系統」相關專科學會核發的認證醫師資格，且核發單位要檢附認證計畫書送保險人審核通過，執行醫師名單也須報請保險人核定。請確認貴院執行醫師是否已符合新規定，詳見上方支付規範。 ,執行「機械手臂輔助膀胱全切除術及骨盆腔淋巴切除術合併雙側輸尿管迴腸經皮分流術」，須符合下列規範：1.醫師資格：(1)具機械手臂輔助手術系統「泌尿科」認證學會認證醫師資格。(2)前述核發認證單位應檢附認證計畫書(須檢附訓練課程、認證方式及認證培訓機構證明)予保險人審核通過。2.執行手術之醫師名單應報經保險人核定。3.其手術費按保險人規範之未列項申報方式辦理，比照本項申報，並於申報費用後二個月內應上傳手術相關資訊，未上傳者本項不予支付；惟因特殊情形未在規定期限內完成上傳，可檢具理由後補登錄。
手術,膀胱手術,75813B,臍尿管或瘻管切除術與部分膀胱切除術,9373,urachal remnant 臍尿管,,
手術,膀胱手術,74215B,直腸膀胱瘻管切除術,17111,,,經腹腔做的直腸陰道瘻管(transabdominalclosureofrectovaginalfistula)比照辦理
手術,膀胱手術,73040B,迴腸尿液引流袋修正術,13815,ileal conduit revision stoma,,
手術,尿道手術,78201C,尿道結石(異物)除去術,4174,urethral stone 尿道結石,,
手術,尿道手術,78202B,尿道狹窄修補手術－前段尿道,6814,urethroplasty stricture 尿道狹窄 anterior,,
手術,尿道手術,78203B,尿道狹窄修補手術－後段尿道,8501,urethroplasty stricture 尿道狹窄 posterior,,
手術,尿道手術,78204B,尿道整形術－包括陰莖或陰囊轉換,10285,,,
手術,尿道手術,78205B,尿道整形術－重複,13658,,,
手術,尿道手術,78206C,外尿道口息肉切除術,2424,urethral caruncle polyp 尿道肉阜,,
手術,尿道手術,78207C,尿道造廔術,3835,urethrostomy perineal,,
手術,尿道手術,78208B,尿道憩室手術－前(後)部尿道,5262,urethral diverticulum,,
手術,尿道手術,78209C,尿道內切開術,3502,internal urethrotomy Otis 尿道狹窄,,
手術,尿道手術,78210C,直視下尿道切開術,4062,DVIU direct vision internal urethrotomy 尿道狹窄 切開,,
手術,尿道手術,78211B,尿道破裂手術－後段尿道,7348,,,
手術,尿道手術,78212B,尿道破裂手術－前段尿道,4334,,,
手術,尿道手術,78213B,尿道下裂手術－glandulartype,13416,hypospadias 尿道下裂,,
手術,尿道手術,78214B,尿道下裂手術－others,18473,hypospadias 尿道下裂,,
手術,尿道手術,78215B,經尿道前列腺切開術,6137,TUIP transurethral incision of prostate 攝護腺切開,,
手術,尿道手術,78216B,尿道腫瘤切除術,4888,,,
手術,尿道手術,78217B,修補尿道皮瘻術,5669,,,
手術,尿道手術,78218B,尿道瘻管修補術(後段),9638,,,
手術,尿道手術,78219B,雙側海棉體破裂修復術,7312,penile fracture 陰莖骨折,,
手術,尿道手術,78220B,尿道瘻管修補術(前段),6197,,,
手術,尿道手術,78221B,單側海棉體破裂修復術,3580,penile fracture 陰莖骨折,,
手術,尿道手術,78222B,尿道下裂重建術及陰莖痛性勃起矯正,27617,hypospadias chordee 尿道下裂,,
手術,尿道手術,78223B,尿道下裂第一次重建術,27617,hypospadias 尿道下裂,,
手術,尿道手術,78224B,全尿道切除術,8496,urethrectomy,,
手術,尿道手術,78225B,尿道周膿瘍切開引流術,2217,,,
手術,尿道手術,80022B,尿道陰道瘻管修補術,10899,urethrovaginal fistula,,
手術,尿道手術,80023B,膀胱陰道瘻管修補術,13078,VVF vesicovaginal fistula,,
手術,尿道手術,80035B,陰道式會陰尿道懸吊術,11680,sling TVT TOT midurethral sling 尿失禁 吊帶,,註：不得同時申報編號77029B及78030B。
手術,陰莖/陰囊手術,78401C,陰莖切片,2034,penile biopsy,,
手術,陰莖/陰囊手術,78402B,陰莖部份切除術,5622,partial penectomy 陰莖癌,,
手術,陰莖/陰囊手術,78403B,陰莖全部切除術,8578,total penectomy,,
手術,陰莖/陰囊手術,78404B,陰莖癌陰莖全部切除術,12463,,,
手術,陰莖/陰囊手術,78405B,陰莖癌陰莖部份切除合併鼠蹊淋巴切除術,13327,,,
手術,陰莖/陰囊手術,78406B,陰莖重度創傷修補術,7393,,,
手術,陰莖/陰囊手術,78407C,陰囊水腫切除術,5425,hydrocelectomy 陰囊水腫 hydrocele,,
手術,陰莖/陰囊手術,78408C,陰囊異物移除,3623,,,
手術,陰莖/陰囊手術,78409B,陰囊切除術,4065,scrotectomy,,
手術,陰莖/陰囊手術,78410B,芮斯比式治療陰莖彎曲術,5540,Nesbit Peyronie 陰莖彎曲 plication,,
手術,陰莖/陰囊手術,78411C,陰囊修補術,3074,,,
手術,陰莖/陰囊手術,78412C,陰囊膿瘍切開引流術,2201,scrotal abscess I&D,,
手術,陰莖/陰囊手術,78413B,陰莖癌陰莖全部切除合併會陰部尿道造口術,12136,,,
手術,陰莖/陰囊手術,78414B,陰莖癌陰莖全部切除合併鼠蹊淋巴切除術及會陰部尿道造口術,15412,,,
手術,睪丸/副睪手術,78601C,睪丸切片－單側切開,1810,testicular biopsy TESE 取精,,
手術,睪丸/副睪手術,78602C,睪丸切片－雙側切開,2904,testicular biopsy TESE 取精 雙側,,
手術,睪丸/副睪手術,78603C,睪丸切除術－單側,5163,orchiectomy 睪丸切除 去勢,,睪丸病灶切除(testiclelesionexcision)比照申報。
手術,睪丸/副睪手術,78604B,睪丸切除術－雙側,6175,bilateral orchiectomy castration 去勢 攝護腺癌,,睪丸病灶切除(testiclelesionexcision)比照申報。
手術,睪丸/副睪手術,78605C,睪丸固定術－單側,7613,orchiopexy 睪丸固定 torsion,,併或不併疝氣修補(withorwithoutherniarepair)。
手術,睪丸/副睪手術,78606C,睪丸固定術－雙側,11722,orchiopexy bilateral,,併或不併疝氣修補(withorwithoutherniarepair)。
手術,睪丸/副睪手術,78607C,隱睪單側睪丸固定術,13522,orchiopexy cryptorchidism 隱睪 UDT,,隱睪切除術比照申報。
手術,睪丸/副睪手術,78608C,睪丸受傷之縫合或修補,4581,,,
手術,睪丸/副睪手術,78609B,睪丸惡性腫瘤高位切除術,5064,radical orchiectomy inguinal 睪丸癌,,
手術,睪丸/副睪手術,78610B,睪丸惡性腫瘤高位切除術併後腹腔淋巴切除術,14576,radical orchiectomy RPLND,,
手術,睪丸/副睪手術,78611C,腹腔鏡睪丸切除術,4040,laparoscopic orchiectomy,,
手術,睪丸/副睪手術,78612C,隱睪雙側睪丸固定術,20283,orchiopexy cryptorchidism 隱睪 雙側,,
手術,睪丸/副睪手術,78801C,副睪丸切除術－單側,5903,epididymectomy,,
手術,睪丸/副睪手術,78802B,副睪丸切除術－雙側,8230,,,
手術,睪丸/副睪手術,78803B,輸精管副睪丸吻合術－單側,8568,vasoepididymostomy VE,,
手術,睪丸/副睪手術,78804B,輸精管副睪丸吻合術－雙側,10802,,,
手術,睪丸/副睪手術,78805C,副睪丸膿瘍切開引流,3021,epididymal abscess,,
手術,輸精管/精索手術,79001C,輸精管切開單側或雙側,2693,vasectomy 結紮 男性結紮 輸精管結紮,,輸精管切除比照申報。
手術,輸精管/精索手術,79002B,精囊全摘除術,8431,,,
手術,輸精管/精索手術,79201C,精索切除,3243,,,
手術,輸精管/精索手術,79202B,精索靜脈瘤手術,4819,varicocelectomy 精索靜脈曲張,,
手術,輸精管/精索手術,79203C,精索靜脈高位結紮術,5522,varicocelectomy high ligation Palomo 精索靜脈曲張,,
手術,輸精管/精索手術,79204C,腹腔鏡精索靜脈曲張結紮,8283,laparoscopic varicocelectomy 精索靜脈曲張,,
手術,攝護腺手術,79401C,前列腺切片－控取式,1841,prostate biopsy needle 攝護腺切片,,
手術,攝護腺手術,79402C,前列腺切片－切開式,3504,,,
手術,攝護腺手術,79403B,攝護腺癌根除性攝護腺切除術,26050,RP radical prostatectomy 攝護腺癌,,含精囊摘除術(includingvesiculectomy)。
手術,攝護腺手術,79404B,被膜下前列腺切除術,9114,suprapubic prostatectomy open prostatectomy,,前列腺結石切除術比照申報。
手術,攝護腺手術,79405B,恥骨下前列腺切除術,11011,retropubic prostatectomy,,
手術,攝護腺手術,79406B,經尿道攝護腺切除術--切除之攝護腺重量五至十五公克,11055,TURP 攝護腺刮除 電刮 BPH 攝護腺肥大,依「切除之攝護腺重量」分為 79406B(5–15g)／79411B(15–50g)／79412B(>50g) 三個級距，同次手術只能擇一申報，不可合併申報。,"1.含supra-pubicirrigation,sounding,urethrotomy。2.一般材料費及單次使用電燒切除環、切割電極，得另加計百分之七十九。"
手術,攝護腺手術,79407C,經尿道切片術,4242,TUR biopsy,,
手術,攝護腺手術,79408C,前列腺膿瘍切開引流,3829,prostatic abscess,,
手術,攝護腺手術,79409C,經腹腔前列腺囊腫切除術,3156,,,
手術,攝護腺手術,79410B,攝護腺癌根除性攝護腺切除術併雙側骨盆腔淋巴切除術,31171,RP PLND radical prostatectomy,,
手術,攝護腺手術,79411B,經尿道攝護腺切除術--切除之攝護腺重量十五至五十公克,13210,TURP 攝護腺刮除 電刮 BPH 攝護腺肥大,依切除攝護腺重量擇一申報，見 79406B 的提醒；請勿與 79406B、79412B 同次併報。,"1.含supra-pubicirrigation,sounding,urethrotomy。2.一般材料費及單次使用電燒切除環、切割電極，得另加計百分之七十五。"
手術,攝護腺手術,79412B,經尿道攝護腺切除術--切除之攝護腺重量大於五十公克,15236,TURP 攝護腺刮除 電刮 BPH 攝護腺肥大,依切除攝護腺重量擇一申報，見 79406B 的提醒；請勿與 79406B、79411B 同次併報。,1.含supra-pubicirrigation，sounding，urethrotomy。2.一般材料費及單次使用電燒切除術、切割電極，得另加計百分之七十二。
手術,攝護腺手術,79413B,雙極前列腺刮除術/汽化術－切除之攝護腺重量五至十五公克,11759,bipolar TURP TUVP B-TURP PKRP 雙極 汽化 BPH,雙極 TURP/TUVP 依切除重量分為 79413B(5–15g)／79414B(15–50g)／79415B(>50g) 三個級距，同次手術只能擇一申報。,註：內含一般材料及雙極TURP/TUVP特材，得另加計142%
手術,攝護腺手術,79414B,雙極前列腺刮除術/汽化術－切除之攝護腺重量十五至五十公克,13914,bipolar TURP TUVP B-TURP PKRP 雙極 汽化 BPH,雙極 TURP/TUVP 依重量擇一申報，見 79413B 的提醒。,註：內含一般材料及雙極TURP/TUVP特材，得另加計128%
手術,攝護腺手術,79415B,雙極前列腺刮除術/汽化術－切除之攝護腺重量大於五十公克,15940,bipolar TURP TUVP B-TURP PKRP 雙極 汽化 BPH,雙極 TURP/TUVP 依重量擇一申報，見 79413B 的提醒。,註：內含一般材料及雙極TURP/TUVP特材，得另加計119%
手術,攝護腺手術,79416C,前列腺切片-超音波導引,3167,TRUS biopsy prostate biopsy 攝護腺切片 超音波導引,,1.限泌尿科專科醫師執行。2.不得同時申報編號79401C及19017C。3.一般材料費，得另加計百分之十七。
手術,攝護腺手術,79417B,腹腔鏡攝護腺癌根除性攝護腺切除術併雙側骨盆腔淋巴切除術,46756,LRP laparoscopic radical prostatectomy 腹腔鏡攝護腺根除 機械手臂 達文西 robotic,機械手臂輔助手術的醫師資格規定已於 115.09.01 生效版更新：不再是「訓練達二十小時」即可自行認定，而是須取得「機械手臂輔助手術系統」相關專科學會核發的認證醫師資格，且核發單位要檢附認證計畫書送保險人審核通過，執行醫師名單也須報請保險人核定。請確認貴院執行醫師是否已符合新規定，詳見上方支付規範。 ,執行「機械手臂輔助根治性前列腺切除術」，須符合下列規範：1.醫師資格：(1)具機械手臂輔助手術系統「泌尿科」認證學會認證醫師資格。(2)前述核發認證單位應檢附認證計畫書(須檢附訓練課程、認證方式及認證培訓機構證明)予保險人審核通過。2.執行手術之醫師名單應報經保險人核定。3.其手術費按保險人規範之未列項申報方式辦理，比照本項申報，並應於申報費用後二個月內上傳手術相關資訊，未上傳者本項不予支付；惟因特殊情形未在規定期限內完成上傳，可檢具理由後補登錄。
手術,攝護腺手術,N20002,綠光雷射前列腺氣化術,,PVP GreenLight 綠光 雷射 BPH,此為 HTA 評估項目（技術評估／專案性質），非常態健保給付代碼，實際給付條件、可否申報與比照方式，請務必洽醫院個案管理或健保署最新公告確認，勿逕行比照一般代碼申報。,HTA評估診療項目
手術,攝護腺手術,N20003,銩雷射前列腺氣化切除術,,ThuLEP ThuVARP thulium 銩雷射 BPH,此為 HTA 評估項目（技術評估／專案性質），非常態健保給付代碼，實際給付條件、可否申報與比照方式，請務必洽醫院個案管理或健保署最新公告確認，勿逕行比照一般代碼申報。,HTA評估診療項目
手術,攝護腺手術,N20004,鈥雷射前列腺氣化切除術,,HoLEP holmium 鈥雷射 BPH,此為 HTA 評估項目（技術評估／專案性質），非常態健保給付代碼，實際給付條件、可否申報與比照方式，請務必洽醫院個案管理或健保署最新公告確認，勿逕行比照一般代碼申報。,HTA評估診療項目
手術,攝護腺手術,N20005,二極體雷射攝護腺挖除術,,DiLEP diode laser 二極體雷射 BPH,此為 HTA 評估項目（技術評估／專案性質），非常態健保給付代碼，實際給付條件、可否申報與比照方式，請務必洽醫院個案管理或健保署最新公告確認，勿逕行比照一般代碼申報。,HTA評估診療項目
手術,小兒泌尿,88022B,膀胱外翻關閉術,46601,bladder exstrophy,,
手術,小兒泌尿,88028B,尿道下裂島皮瓣尿道整型術,28371,hypospadias island flap 尿道下裂,,
手術,小兒泌尿,88031B,矯正尿道纖維黏連,18551,,,
手術,小兒泌尿,88034B,臍尿管或瘻管切除,12825,,,
手術,小兒泌尿,88029C,嬰兒鼠蹊疝氣,14379,pediatric inguinal hernia herniotomy 小兒疝氣,,限對未滿二歲嬰兒施行手術時申報。
手術,鼠蹊疝氣,75607C,鼠蹊疝氣修補術－無腸切除,11292,inguinal hernia herniorrhaphy 疝氣 mesh,,本項102年支付標準調整按衛生福利部1031260015號函公告。
手術,鼠蹊疝氣,75613C,鼠蹊疝氣修補術，嵌頓性－無腸切除,12890,,,
手術,鼠蹊疝氣,75614C,鼠蹊疝氣修補術，復發性－無腸切除,12565,,,本項102年支付標準調整按衛生福利部1031260015號函公告。
手術,鼠蹊疝氣,75615C,股疝氣修補術－無腸切除,13921,,,
手術,鼠蹊疝氣,75610B,腹腔鏡疝氣修補術,12422,laparoscopic hernia TEP TAPP,,
手術,鼠蹊疝氣,75619C,腹腔鏡鼠蹊疝氣修補術－無腸切除,19987,laparoscopic inguinal hernia TEP TAPP 腹腔鏡疝氣,,註：執行「機械手臂輔助鼠蹊疝氣修補術-併腸切除」、「機械手臂輔助鼠蹊疝氣修補術-無腸切除」須符合下列規範：1.須符合下列專科別限制及執行醫師訓練規範：(1)具有外科、泌尿科專科醫師資格。(2)具機械手臂輔助手術系統訓練資格醫師認證(包括系統練習或操作達二十小時)。(3)前述核發認證單位應檢附認證計畫書(須檢附訓練課程、認證方式及認證培訓機構證明)予保險人審核通過。2.執行手術之醫師名單應報經保險人核定。3.其手術費按保險人規範之未列項申報方式辦理，分別比照75618B、75619C申報，並於申報費用後二個月內應上傳手術相關資訊，未上傳者本項不予支付；惟因特殊情形未在規定期限內完成上傳，可檢具理由後補登錄。
手術,鼠蹊疝氣,75623C,腹腔鏡鼠蹊疝氣修補術，嵌頓性－無腸切除,21125,laparoscopic inguinal hernia incarcerated 嵌頓性 腹腔鏡疝氣 機械手臂 達文西 robotic,機械手臂輔助手術的醫師資格規定已於 115.09.01 生效版更新：不再是「訓練達二十小時」即可自行認定，而是須取得「機械手臂輔助手術系統」相關專科學會核發的認證醫師資格，且核發單位要檢附認證計畫書送保險人審核通過，執行醫師名單也須報請保險人核定。請確認貴院執行醫師是否已符合新規定，詳見上方支付規範。 ,執行「機械手臂輔助鼠蹊疝氣修補術，嵌頓性-無腸切除」，須符合下列規範：1.醫師資格：(1)具機械手臂輔助手術系統「消化外科」、「泌尿科」認證學會認證醫師資格。(2)前述核發認證單位應檢附認證計畫書(須檢附訓練課程、認證方式及認證培訓機構證明)予保險人審核通過。2.執行手術之醫師名單應報經保險人核定。3.其手術費按保險人規範之未列項申報方式辦理，比照本項申報，並於申報費用後二個月內應上傳手術相關資訊，未上傳者本項不予支付；惟因特殊情形未在規定期限內完成上傳，可檢具理由後補登錄。
手術,鼠蹊疝氣,75624C,腹腔鏡鼠蹊疝氣修補術，復發性－無腸切除,22239,laparoscopic inguinal hernia recurrent 復發性 腹腔鏡疝氣 機械手臂 達文西 robotic,機械手臂輔助手術的醫師資格規定已於 115.09.01 生效版更新：不再是「訓練達二十小時」即可自行認定，而是須取得「機械手臂輔助手術系統」相關專科學會核發的認證醫師資格，且核發單位要檢附認證計畫書送保險人審核通過，執行醫師名單也須報請保險人核定。請確認貴院執行醫師是否已符合新規定，詳見上方支付規範。 ,執行「機械手臂輔助鼠蹊疝氣修補術，復發性-無腸切除」，須符合下列規範：1.醫師資格：(1)具機械手臂輔助手術系統「消化外科」、「泌尿科」認證學會認證醫師資格。(2)前述核發認證單位應檢附認證計畫書(須檢附訓練課程、認證方式及認證培訓機構證明)予保險人審核通過。2.執行手術之醫師名單應報經保險人核定。3.其手術費按保險人規範之未列項申報方式辦理，比照本項申報，並於申報費用後二個月內應上傳手術相關資訊，未上傳者本項不予支付；惟因特殊情形未在規定期限內完成上傳，可檢具理由後補登錄。
處置,震波碎石(論病例計酬),97405K,尿路結石體外震波碎石術(單側)(門診),,ESWL 醫學中心 單側,,1.診療項目要求表(詳附表6.4.2)(1)基本診療項目(2)選擇性診療項目2.主診斷碼及主手術(或處置)碼:主診斷碼(ICD-10-CM):N20.0、N20.0-N20.9主手術(或處置)碼(ICD-10-PCS):0TF3XZZ、0TF4XZZ、0TF6XZZ、0TF7XZZ、0TFBXZZ、0TFCXZZ、0WFRXZZ
處置,震波碎石(論病例計酬),97406A,尿路結石體外震波碎石術(單側)(門診),,ESWL 區域醫院 單側,,1.診療項目要求表(詳附表6.4.2)(1)基本診療項目(2)選擇性診療項目2.主診斷碼及主手術(或處置)碼:主診斷碼(ICD-10-CM):N20.0、N20.0-N20.9主手術(或處置)碼(ICD-10-PCS):0TF3XZZ、0TF4XZZ、0TF6XZZ、0TF7XZZ、0TFBXZZ、0TFCXZZ、0WFRXZZ
處置,震波碎石(論病例計酬),97407K,尿路結石體外震波碎石術(雙側)(門診),,,,1.診療項目要求表(詳附表6.4.2)(1)基本診療項目(2)選擇性診療項目2.主診斷碼及主手術(或處置)碼:主診斷碼(ICD-10-CM):N20.0、N20.0-N20.9主手術(或處置)碼(ICD-10-PCS):0TF3XZZ、0TF4XZZ、0TF6XZZ、0TF7XZZ、0TFBXZZ、0TFCXZZ、0WFRXZZ
處置,震波碎石(論病例計酬),97408A,尿路結石體外震波碎石術(雙側)(門診),,,,1.診療項目要求表(詳附表6.4.2)(1)基本診療項目(2)選擇性診療項目2.主診斷碼及主手術(或處置)碼:主診斷碼(ICD-10-CM):N20.0、N20.0-N20.9主手術(或處置)碼(ICD-10-PCS):0TF3XZZ、0TF4XZZ、0TF6XZZ、0TF7XZZ、0TFBXZZ、0TFCXZZ、0WFRXZZ
處置,震波碎石(論病例計酬),97409K,尿路結石體外震波碎石術(三十日內施行第二次，單側)(門診),,,,1.診療項目要求表(詳附表6.4.2)(1)基本診療項目(2)選擇性診療項目2.主診斷碼及主手術(或處置)碼:主診斷碼(ICD-10-CM):N20.0、N20.0-N20.9主手術(或處置)碼(ICD-10-PCS):0TF3XZZ、0TF4XZZ、0TF6XZZ、0TF7XZZ、0TFBXZZ、0TFCXZZ、0WFRXZZ
處置,震波碎石(論病例計酬),97410A,尿路結石體外震波碎石術(三十日內施行第二次，單側)(門診),,,,1.診療項目要求表(詳附表6.4.2)(1)基本診療項目(2)選擇性診療項目2.主診斷碼及主手術(或處置)碼:主診斷碼(ICD-10-CM):N20.0、N20.0-N20.9主手術(或處置)碼(ICD-10-PCS):0TF3XZZ、0TF4XZZ、0TF6XZZ、0TF7XZZ、0TFBXZZ、0TFCXZZ、0WFRXZZ
處置,震波碎石(論病例計酬),97411K,尿路結石體外震波碎石術(三十日內施行第二次，雙側)(門診),,,,1.診療項目要求表(詳附表6.4.2)(1)基本診療項目(2)選擇性診療項目2.主診斷碼及主手術(或處置)碼:主診斷碼(ICD-10-CM):N20.0、N20.0-N20.9主手術(或處置)碼(ICD-10-PCS):0TF3XZZ、0TF4XZZ、0TF6XZZ、0TF7XZZ、0TFBXZZ、0TFCXZZ、0WFRXZZ
處置,震波碎石(論病例計酬),97412A,尿路結石體外震波碎石術(三十日內施行第二次，雙側)(門診),,,,1.診療項目要求表(詳附表6.4.2)(1)基本診療項目(2)選擇性診療項目2.主診斷碼及主手術(或處置)碼:主診斷碼(ICD-10-CM):N20.0、N20.0-N20.9主手術(或處置)碼(ICD-10-PCS):0TF3XZZ、0TF4XZZ、0TF6XZZ、0TF7XZZ、0TFBXZZ、0TFCXZZ、0WFRXZZ
處置,震波碎石(論病例計酬),97420B,尿路結石體外震波碎石術(單側)(門診),,ESWL 地區醫院 單側,,1.診療項目要求表(詳附表6.4.2)(1)基本診療項目(2)選擇性診療項目2.主診斷碼及主手術(或處置)碼:主診斷碼(ICD-10-CM):N20.0、N20.0-N20.9主手術(或處置)碼(ICD-10-PCS):0TF3XZZ、0TF4XZZ、0TF6XZZ、0TF7XZZ、0TFBXZZ、0TFCXZZ、0WFRXZZ
處置,震波碎石(論病例計酬),97421B,尿路結石體外震波碎石術(雙側)(門診),,,,1.診療項目要求表(詳附表6.4.2)(1)基本診療項目(2)選擇性診療項目2.主診斷碼及主手術(或處置)碼:主診斷碼(ICD-10-CM):N20.0、N20.0-N20.9主手術(或處置)碼(ICD-10-PCS):0TF3XZZ、0TF4XZZ、0TF6XZZ、0TF7XZZ、0TFBXZZ、0TFCXZZ、0WFRXZZ
處置,震波碎石(論病例計酬),97422B,尿路結石體外震波碎石術(三十日內施行第二次，單側)(門診),,,,1.診療項目要求表(詳附表6.4.2)(1)基本診療項目(2)選擇性診療項目2.主診斷碼及主手術(或處置)碼:主診斷碼(ICD-10-CM):N20.0、N20.0-N20.9主手術(或處置)碼(ICD-10-PCS):0TF3XZZ、0TF4XZZ、0TF6XZZ、0TF7XZZ、0TFBXZZ、0TFCXZZ、0WFRXZZ
處置,震波碎石(論病例計酬),97423B,尿路結石體外震波碎石術(三十日內施行第二次，雙側)(門診),,,,1.診療項目要求表(詳附表6.4.2)(1)基本診療項目(2)選擇性診療項目2.主診斷碼及主手術(或處置)碼:主診斷碼(ICD-10-CM):N20.0、N20.0-N20.9主手術(或處置)碼(ICD-10-PCS):0TF3XZZ、0TF4XZZ、0TF6XZZ、0TF7XZZ、0TFBXZZ、0TFCXZZ、0WFRXZZ
處置,透析/移植相關,58002C,腹膜透析(一次),,peritoneal dialysis PD,,1.使用特殊材料及特殊藥劑者得加算其費用。2.本項102年支付標準調整按衛生福利部1031260015號函公告。
處置,透析/移植相關,58012B,連續性可攜帶式腹膜透析－4.連續性可攜帶式腹膜透析導管植入術。,,PD catheter Tenckhoff 腹膜透析導管,,1.限以經專案向健保署申請同意後之醫院申報2.包含手術費及一般材料費。
處置,透析/移植相關,01039C,腎臟移植諮詢費,,,,1.適應症:年齡未滿六十五歲符合下列任一條件者適用:(1)透析前，eGFR<10ml/min/1.73㎡連續二次，間隔三個月以上，且逐漸衰退者。(2)領有「慢性腎衰竭(尿毒症)，必須接受定期透析治療者」重大傷病證明(三個月以上)，並於開始接受透析一年內。2.支付規範:(1)諮詢參與人員:包括移植醫療團隊之外科、泌尿科、小兒外科或曾接受過台灣腎臟醫學會與台灣移植醫學會共同舉辦之腎臟移植諮詢訓練課程之腎臟科專科醫師，以及病人或病人家屬。(2)諮詢時間:每一個案諮詢時間至少十五分鐘。(3)諮詢紀錄:應有參與諮詢醫療團隊及病人或其家屬簽名之「腎臟移植諮詢檢核表(含醫病共享決策評估表)」，並應併入病人之病歷紀錄留存。(4)申報規定:A.門診、住診均可申報。B.每人終生限給付一次。C.不得與「全民健康保險鼓勵院所加強推動腹膜透析與提升照護品質計畫」之醫病共享決策診療項目、「全民健康保險末期腎臟病前期(Pre-ESRD)之病人照護與衛教計畫」P3405C「結案資料處理費」併同申報。
處置,透析/移植相關,P3411C,活體腎臟移植者之照護獎勵費,,,,"由Pre-ESRD計畫照護之個案完成申報結案資料處理費(P3405C)，且結案條件為「1:腎臟移植」，並完成接受親屬活體腎臟移植者，支付本計畫照護團隊獎勵費用60,000點。"
